{"cameraMode":{"drawMode":0,"name":"Shaded","section":"Shading Mode"},"sceneLighting":true,"audioPlay":false,"sceneViewState":{"showFog":true,"showMaterialUpdate":true,"showSkybox":true,"showFlares":true,"showImageEffects":true,"showParticleSystems":true},"in2DMode":false,"pivot":{"x":-1.0792711973190308,"y":3.403118848800659,"z":6.58403205871582},"rotation":{"x":-0.0790971964597702,"y":0.0158525500446558,"z":0.0012580447364598513,"w":0.9967401027679443},"size":22.0,"orthographic":false}