{"cameraMode":{"drawMode":0,"name":"Shaded","section":"Shading Mode"},"sceneLighting":true,"audioPlay":false,"sceneViewState":{"showFog":true,"showMaterialUpdate":true,"showSkybox":true,"showFlares":true,"showImageEffects":true,"showParticleSystems":true},"in2DMode":false,"pivot":{"x":-0.9389858841896057,"y":-0.7402249574661255,"z":6.844343185424805},"rotation":{"x":0.015306748449802399,"y":0.018899720162153245,"z":-0.0002893273485824466,"w":0.9997041821479797},"size":22.0,"orthographic":false}